"stdDay","createDt","deathCnt","defCnt","incDec","isolClearCnt","localOccCnt","overFlowCnt","qurRate","gubun","gubunEn","seq"
"2022년 02월 12일 00시","2022-02-12",7045,1294205,54941,770673,54828,113,"2506","합계","Total",15058
"2022년 02월 11일 00시","2022-02-11",7012,1239287,53926,754694,53797,129,"2400","합계","Total",15039
"2022년 02월 10일 00시","2022-02-10",6963,1185361,54122,735348,54034,88,"2295","합계","Total",15020
"2022년 02월 09일 00시","2022-02-09",6943,1131239,49567,719627,49402,165,"2191","합계","Total",15001
"2022년 02월 08일 00시","2022-02-08",6922,1081681,36719,675059,36619,100,"2095","합계","Total",14982
"2022년 02월 07일 00시","2022-02-07",6886,1044963,35286,661103,35131,155,"2024","합계","Total",14963
"2022년 02월 06일 00시","2022-02-06",6873,1009688,38691,654621,38502,189,"1955","합계","Total",14906
"2022년 02월 05일 00시","2022-02-05",6858,971018,36362,648795,36162,200,"1874","합계","Total",14887
"2022년 02월 04일 00시","2022-02-04",6836,934656,27443,642045,27283,160,"1810","합계","Total",14868
"2022년 02월 03일 00시","2022-02-03",6812,907214,22907,637160,22773,134,"1757","합계","Total",14849
"2022년 02월 02일 00시","2022-02-02",6787,884310,20270,633060,20111,159,"1712","합계","Total",14830
"2022년 02월 01일 00시","2022-02-01",6772,864042,18343,629487,18123,220,"1673","합계","Total",14811
"2022년 01월 31일 00시","2022-01-31",6755,845709,17085,624758,16850,235,"1638","합계","Total",14792
"2022년 01월 30일 00시","2022-01-30",6732,828637,17532,621972,17303,229,"1605","합계","Total",14773
"2022년 01월 29일 00시","2022-01-29",6712,811122,17542,618561,17349,193,"1571","합계","Total",14754
"2022년 01월 28일 00시","2022-01-28",6678,793582,16096,614712,15894,202,"1537","합계","Total",14735
"2022년 01월 27일 00시","2022-01-27",6654,777497,14518,610740,14301,217,"1506","합계","Total",14716
"2022년 01월 26일 00시","2022-01-26",6620,762983,13012,607279,12743,269,"1478","합계","Total",14697
"2022년 01월 25일 00시","2022-01-25",6588,749979,8571,604266,8356,215,"1452","합계","Total",14678
"2022년 01월 24일 00시","2022-01-24",6565,741413,7513,602123,7159,354,"1436","합계","Total",14659
"2022년 01월 23일 00시","2022-01-23",6540,733902,7630,600251,7343,287,"1416","합계","Total",14640
"2022년 01월 22일 00시","2022-01-22",6529,726274,7009,595645,6729,280,"1401","합계","Total",14621
"2022년 01월 21일 00시","2022-01-21",6501,719269,6769,594023,6482,287,"1393","합계","Total",14602
"2022년 01월 20일 00시","2022-01-20",6480,712503,6603,589768,6357,246,"1380","합계","Total",14583
"2022년 01월 19일 00시","2022-01-19",6452,705902,5805,588531,5431,374,"1367","합계","Total",14564
"2022년 01월 18일 00시","2022-01-18",6378,700102,4072,585673,3763,309,"1356","합계","Total",14545
"2022년 01월 17일 00시","2022-01-17",6333,696032,3859,584537,3551,308,"1348","합계","Total",14526
"2022년 01월 16일 00시","2022-01-16",6310,692174,4194,582667,3813,381,"1340","합계","Total",14507
"2022년 01월 15일 00시","2022-01-15",6281,687984,4423,580664,4077,346,"1332","합계","Total",14488
"2022년 01월 14일 00시","2022-01-14",6259,683566,4542,576918,4133,409,"1324","합계","Total",14469
"2022년 01월 13일 00시","2022-01-13",6210,679030,4167,575763,3776,391,"1315","합계","Total",14450
"2022년 01월 12일 00시","2022-01-12",6166,674868,4388,571419,4007,381,"1307","합계","Total",14431
"2022년 01월 11일 00시","2022-01-11",6114,670483,3097,569760,2813,284,"1298","합계","Total",14412
"2022년 01월 10일 00시","2022-01-10",6071,667390,3007,566508,2768,239,"1292","합계","Total",14393
"2022년 01월 09일 00시","2022-01-09",6037,664391,3376,564320,3140,236,"1287","합계","Total",14374
"2022년 01월 08일 00시","2022-01-08",5986,661015,3510,561308,3300,210,"1280","합계","Total",14355
"2022년 01월 07일 00시","2022-01-07",5932,657508,3717,549488,3529,188,"1273","합계","Total",14336
"2022년 01월 06일 00시","2022-01-06",5887,653792,4126,545464,3931,195,"1266","합계","Total",14317
"2022년 01월 05일 00시","2022-01-05",5838,649669,4444,541994,4233,211,"1258","합계","Total",14298
"2022년 01월 04일 00시","2022-01-04",5781,645226,3024,537043,2889,135,"1249","합계","Total",14279
"2022년 01월 03일 00시","2022-01-03",5730,642207,3129,524883,2993,136,"1239","합계","Total",14260
"2022년 01월 02일 00시","2022-01-02",5694,639083,3833,520962,3683,150,"1233","합계","Total",14241
"2022년 01월 01일 00시","2022-01-01",5625,635253,4416,517909,4310,106,"1226","합계","Total",14222
"2021년 12월 31일 00시","2021-12-31",5563,630838,4875,513978,4758,117,"1217","합계","Total",14203
"2021년 12월 30일 00시","2021-12-30",5455,625967,5037,509957,4930,107,"1208","합계","Total",14184
"2021년 12월 29일 00시","2021-12-29",5382,620938,5409,505470,5283,126,"1198","합계","Total",14165
"2021년 12월 28일 00시","2021-12-28",5346,615532,3865,500273,3777,88,"1188","합계","Total",14146
"2021년 12월 27일 00시","2021-12-27",5300,611670,4207,496938,4125,82,"1180","합계","Total",14127
"2021년 12월 26일 00시","2021-12-26",5245,607463,5419,494205,5339,80,"1172","합계","Total",14108
"2021년 12월 25일 00시","2021-12-25",5176,602045,5842,489943,5767,75,"1162","합계","Total",14089
"2021년 12월 24일 00시","2021-12-24",5071,596209,6233,485721,6163,70,"1150","합계","Total",14070
"2021년 12월 23일 00시","2021-12-23",5015,589978,6919,469055,6856,63,"1138","합계","Total",14051
"2021년 12월 22일 00시","2021-12-22",4906,583065,7456,463401,7365,91,"1125","합계","Total",14032
"2021년 12월 21일 00시","2021-12-21",4828,575615,5202,459628,5144,58,"1111","합계","Total",14013
"2021년 12월 20일 00시","2021-12-20",4776,570414,5318,456126,5258,60,"1101","합계","Total",13994
"2021년 12월 19일 00시","2021-12-19",4722,565098,6236,454026,6173,63,"1090","합계","Total",13975
"2021년 12월 18일 00시","2021-12-18",4644,558864,7314,451337,7284,30,"1078","합계","Total",13956
"2021년 12월 17일 00시","2021-12-17",4591,551551,7435,448809,7400,35,"1064","합계","Total",13937
"2021년 12월 16일 00시","2021-12-16",4518,544117,7622,444970,7591,31,"1050","합계","Total",13918
"2021년 12월 15일 00시","2021-12-15",4456,536495,7850,442293,7828,22,"1035","합계","Total",13899
"2021년 12월 14일 00시","2021-12-14",4387,528652,5567,435541,5525,42,"1020","합계","Total",13880
"2021년 12월 13일 00시","2021-12-13",4293,523088,5817,433564,5783,34,"1009","합계","Total",13861
"2021년 12월 12일 00시","2021-12-12",4253,517271,6689,431606,6661,28,"998","합계","Total",13842
"2021년 12월 11일 00시","2021-12-11",4210,510583,6977,429256,6952,25,"985","합계","Total",13823
"2021년 12월 10일 00시","2021-12-10",4130,503606,7022,426441,6983,39,"972","합계","Total",13804
"2021년 12월 09일 00시","2021-12-09",4077,496584,7102,424220,7082,20,"958","합계","Total",13785
"2021년 12월 08일 00시","2021-12-08",4020,489484,7175,413740,7142,33,"944","합계","Total",13766
"2021년 12월 07일 00시","2021-12-07",3957,482310,4954,411358,4924,30,"931","합계","Total",13747
"2021년 12월 06일 00시","2021-12-06",3893,477358,4325,409041,4296,29,"921","합계","Total",13728
"2021년 12월 05일 00시","2021-12-05",3852,473034,5128,407175,5104,24,"913","합계","Total",13709
"2021년 12월 04일 00시","2021-12-04",3809,467907,5352,405543,5327,25,"903","합계","Total",13690
"2021년 12월 03일 00시","2021-12-03",3739,462555,4944,403419,4923,21,"892","합계","Total",13671
"2021년 12월 02일 00시","2021-12-02",3705,457612,5266,400585,5242,24,"883","합계","Total",13633
"2021년 12월 01일 00시","2021-12-01",3659,452350,5123,398323,5075,48,"873","합계","Total",13595
"2021년 11월 30일 00시","2021-11-30",3624,447230,3032,396070,3003,29,"863","합계","Total",13576
"2021년 11월 29일 00시","2021-11-29",3580,444200,3309,393617,3286,23,"857","합계","Total",13557
"2021년 11월 28일 00시","2021-11-28",3548,440896,3928,392311,3893,35,"851","합계","Total",13538
"2021년 11월 27일 00시","2021-11-27",3492,436968,4068,390141,4045,23,"843","합계","Total",13519
"2021년 11월 26일 00시","2021-11-26",3440,432901,3901,383551,3882,19,"835","합계","Total",13500
"2021년 11월 25일 00시","2021-11-25",3401,429002,3938,381851,3917,21,"828","합계","Total",13481
"2021년 11월 24일 00시","2021-11-24",3362,425064,4115,380377,4087,28,"820","합계","Total",13462
"2021년 11월 23일 00시","2021-11-23",3328,420950,2699,378561,2685,14,"812","합계","Total",13443
"2021년 11월 22일 00시","2021-11-22",3298,418252,2827,376706,2806,21,"807","합계","Total",13424
"2021년 11월 21일 00시","2021-11-21",3274,415425,3120,375755,3098,22,"801.53","합계","Total",13405
"2021년 11월 20일 00시","2021-11-20",3244,412311,3212,374383,3194,18,"796","합계","Total",13386
"2021년 11월 19일 00시","2021-11-19",3215,409099,3034,368723,3011,23,"789","합계","Total",13367
"2021년 11월 18일 00시","2021-11-18",3187,406065,3292,367578,3272,20,"783","합계","Total",13348
"2021년 11월 17일 00시","2021-11-17",3158,402775,3187,366089,3163,24,"777","합계","Total",13329
"2021년 11월 16일 00시","2021-11-16",3137,399591,2125,364499,2110,15,"771","합계","Total",13310
"2021년 11월 15일 00시","2021-11-15",3115,397466,2006,362834,1986,20,"767","합계","Total",13291
"2021년 11월 14일 00시","2021-11-14",3103,395460,2419,360891,2401,18,"763","합계","Total",13272
"2021년 11월 13일 00시","2021-11-13",3083,393042,2325,359553,2311,14,"758","합계","Total",13253
"2021년 11월 12일 00시","2021-11-12",3051,390719,2368,356615,2358,10,"754","합계","Total",13234
"2021년 11월 11일 00시","2021-11-11",3033,388351,2520,355014,2494,26,"749","합계","Total",13215
"2021년 11월 10일 00시","2021-11-10",3012,385831,2425,352940,2409,16,"744","합계","Total",13196
"2021년 11월 09일 00시","2021-11-09",2998,383407,1715,350658,1698,17,"740","합계","Total",13177
"2021년 11월 08일 00시","2021-11-08",2980,381694,1760,347799,1733,27,"736","합계","Total",13158
"2021년 11월 07일 00시","2021-11-07",2967,379935,2224,346801,2204,20,"733","합계","Total",13139
"2021년 11월 06일 00시","2021-11-06",2956,377712,2248,345566,2219,29,"729","합계","Total",13120
"2021년 11월 05일 00시","2021-11-05",2936,375464,2344,343237,2324,20,"724","합계","Total",13101
"2021년 11월 04일 00시","2021-11-04",2916,373120,2482,341888,2457,25,"720","합계","Total",13082
"2021년 11월 03일 00시","2021-11-03",2892,370640,2667,340471,2640,27,"715","합계","Total",13063
"2021년 11월 02일 00시","2021-11-02",2874,367974,1589,338947,1578,11,"710","합계","Total",13025
"2021년 11월 01일 00시","2021-11-01",2858,366386,1686,337353,1666,20,"707","합계","Total",13006
"2021년 10월 31일 00시","2021-10-31",2849,364700,2061,336548,2052,9,"704","합계","Total",12987
"2021년 10월 30일 00시","2021-10-30",2830,362639,2104,334581,2089,15,"700","합계","Total",12968
"2021년 10월 29일 00시","2021-10-29",2817,360536,2124,332995,2094,30,"696","합계","Total",12949
"2021년 10월 28일 00시","2021-10-28",2808,358412,2111,330853,2095,16,"691.53","합계","Total",12930
"2021년 10월 27일 00시","2021-10-27",2797,356305,1952,329658,1930,22,"687.46","합계","Total",12911
"2021년 10월 26일 00시","2021-10-26",2788,354355,1266,327592,1246,20,"683.7","합계","Total",12892
"2021년 10월 25일 00시","2021-10-25",2773,353089,1190,324448,1167,23,"681.26","합계","Total",12873
"2021년 10월 24일 00시","2021-10-24",2766,351899,1423,323393,1395,28,"678.96","합계","Total",12854
"2021년 10월 23일 00시","2021-10-23",2745,350476,1508,322536,1487,21,"676","합계","Total",12835
"2021년 10월 22일 00시","2021-10-22",2725,348969,1440,320317,1420,20,"673.31","합계","Total",12816
"2021년 10월 21일 00시","2021-10-21",2709,347529,1441,317755,1430,11,"670.53","합계","Total",12797
"2021년 10월 20일 00시","2021-10-20",2698,346088,1571,316607,1556,15,"667.75","합계","Total",12778
"2021년 10월 19일 00시","2021-10-19",2689,344518,1073,313432,1048,25,"665","합계","Total",12759
"2021년 10월 18일 00시","2021-10-18",2668,343445,1050,311781,1030,20,"662.65","합계","Total",12740
"2021년 10월 17일 00시","2021-10-17",2660,342396,1420,310344,1403,17,"660.63","합계","Total",12721
"2021년 10월 16일 00시","2021-10-16",2644,340978,1618,308187,1594,24,"657.89","합계","Total",12702
"2021년 10월 15일 00시","2021-10-15",2626,339361,1684,305851,1670,14,"654.77","합계","Total",12683
"2021년 10월 14일 00시","2021-10-14",2618,337677,1940,303719,1924,16,"651.52","합계","Total",12664
"2021년 10월 13일 00시","2021-10-13",2605,335741,1584,302066,1571,13,"647.79","합계","Total",12645
"2021년 10월 12일 00시","2021-10-12",2594,334157,1347,299260,1334,13,"644.74","합계","Total",12626
"2021년 10월 11일 00시","2021-10-11",2583,332810,1297,298022,1284,13,"642","합계","Total",12607
"2021년 10월 10일 00시","2021-10-10",2575,331513,1594,296708,1560,34,"640","합계","Total",12588
"2021년 10월 09일 00시","2021-10-09",2560,329919,1953,294929,1924,29,"636.56","합계","Total",12569
"2021년 10월 08일 00시","2021-10-08",2554,327966,2175,292091,2144,31,"632.80","합계","Total",12550
"2021년 10월 07일 00시","2021-10-07",2544,325792,2425,288822,2398,27,"100.00","합계","Total",12531
"2021년 10월 06일 00시","2021-10-06",2536,323370,2027,287040,2001,26,"623.93","합계","Total",12512
"2021년 10월 05일 00시","2021-10-05",2524,321340,1574,284197,1555,19,"620.02","합계","Total",12493
"2021년 10월 04일 00시","2021-10-04",2513,319763,1670,282669,1650,20,"616.98","합계","Total",12474
"2021년 10월 03일 00시","2021-10-03",2507,318100,2085,278847,2057,28,"613.76","합계","Total",12455
"2021년 10월 02일 00시","2021-10-02",2504,316014,2247,277092,2220,27,"609.74","합계","Total",12436
"2021년 10월 01일 00시","2021-10-01",2497,313767,2484,275576,2449,35,"605.4","합계","Total",12417
"2021년 09월 30일 00시","2021-09-30",2481,311283,2563,274205,2538,25,"600.61","합계","Total",12398
"2021년 09월 29일 00시","2021-09-29",2474,308720,2881,272724,2855,26,"595.66","합계","Total",12379
"2021년 09월 28일 00시","2021-09-28",2464,305839,2289,270928,2270,19,"590.1","합계","Total",12360
"2021년 09월 27일 00시","2021-09-27",2456,303550,2382,269132,2355,27,"585.68","합계","Total",12341
"2021년 09월 26일 00시","2021-09-26",2450,301168,2770,268140,2734,35,"581.09","합계","Total",12322
"2021년 09월 25일 00시","2021-09-25",2441,298399,3271,266414,3243,28,"575.74","합계","Total",12303
"2021년 09월 24일 00시","2021-09-24",2434,295128,2430,264492,2412,18,"569.43","합계","Total",12284
"2021년 09월 23일 00시","2021-09-23",2427,292698,1715,262842,1697,18,"564.74","합계","Total",12265
"2021년 09월 22일 00시","2021-09-22",2419,290983,1720,261812,1703,17,"561.43","합계","Total",12246
"2021년 09월 21일 00시","2021-09-21",2413,289263,1729,260090,1697,32,"558","합계","Total",12227
"2021년 09월 20일 00시","2021-09-20",2409,287535,1604,259011,1576,28,"554.78","합계","Total",12208
"2021년 09월 19일 00시","2021-09-19",2404,285930,1909,257449,1870,39,"551.68","합계","Total",12189
"2021년 09월 18일 00시","2021-09-18",2394,284022,2087,256029,2047,40,"536.36","합계","Total",12170
"2021년 09월 17일 00시","2021-09-17",2389,281934,2008,254094,1973,35,"536.36","합계","Total",12151
"2021년 09월 16일 00시","2021-09-16",2386,279930,1943,252038,1921,22,"536.36","합계","Total",12132
"2021년 09월 15일 00시","2021-09-15",2380,277989,2080,249833,2057,23,"536.36","합계","Total",12113
"2021년 09월 14일 00시","2021-09-14",2367,275910,1497,247647,1463,34,"532.35","합계","Total",12094
"2021년 09월 13일 00시","2021-09-13",2360,274413,1433,245505,1409,24,"529.46","합계","Total",12075
"2021년 09월 12일 00시","2021-09-12",2359,272979,1755,244459,1725,30,"527","합계","Total",12056
"2021년 09월 11일 00시","2021-09-11",2358,271224,1864,242960,1815,49,"523.31","합계","Total",12037
"2021년 09월 10일 00시","2021-09-10",2348,269360,1892,240733,1857,35,"519.71","합계","Total",11382
"2021년 09월 09일 00시","2021-09-09",2343,267468,2049,238920,2018,31,"516.06","합계","Total",11363
"2021년 09월 08일 00시","2021-09-08",2334,265419,2048,237286,2012,36,"512.11","합계","Total",11344
"2021년 09월 07일 00시","2021-09-07",2330,263371,1597,235225,1563,34,"508.16","합계","Total",11343
"2021년 09월 06일 00시","2021-09-06",2327,261774,1375,233695,1351,24,"505.08","합계","Total",11324
"2021년 09월 05일 00시","2021-09-05",2321,260400,1490,232334,1460,29,"502.43","합계","Total",11305
"2021년 09월 04일 00시","2021-09-04",2315,258909,1803,230405,1775,28,"499.55","합계","Total",11286
"2021년 09월 03일 00시","2021-09-03",2308,257106,1708,228618,1674,34,"496.07","합계","Total",11267
"2021년 09월 02일 00시","2021-09-02",2303,255399,1960,226222,1926,34,"492.77","합계","Total",11248
"2021년 09월 01일 00시","2021-09-01",2292,253439,2024,0,1991,33,"488.99","합계","Total",11229
"2021년 08월 31일 00시","2021-08-31",2285,251416,1371,221701,1332,39,"485.09","합계","Total",11210
"2021년 08월 30일 00시","2021-08-30",2284,250045,1485,220358,1424,61,"482.44","합계","Total",11191
"2021년 08월 29일 00시","2021-08-29",2279,248560,1619,218725,1576,43,"479.58","합계","Total",11172
"2021년 08월 28일 00시","2021-08-28",2276,246941,1791,216986,1736,55,"476.45","합계","Total",11153
"2021년 08월 27일 00시","2021-08-27",2265,245150,1837,214670,1809,28,"473.00","합계","Total",11134
"2021년 08월 26일 00시","2021-08-26",2257,243313,1882,212868,1829,53,"469.45","합계","Total",11115
"2021년 08월 25일 00시","2021-08-25",2237,241431,2154,211161,2113,41,"465.82","합계","Total",11096
"2021년 08월 24일 00시","2021-08-24",2228,239277,1507,209181,1469,38,"461.67","합계","Total",11077
"2021년 08월 23일 00시","2021-08-23",2222,237770,1417,207591,1370,47,"458.76","합계","Total",11058
"2021년 08월 22일 00시","2021-08-22",2215,236353,1626,206263,1588,38,"456.02","합계","Total",11039
"2021년 08월 21일 00시","2021-08-21",2202,234727,1877,204501,1812,65,"452.89","합계","Total",11020
"2021년 08월 20일 00시","2021-08-20",2197,232850,2050,202757,2000,50,"449.27","합계","Total",11001
"2021년 08월 19일 00시","2021-08-19",2191,230800,2152,201216,2114,38,"445.31","합계","Total",10982
"2021년 08월 18일 00시","2021-08-18",2178,228648,1803,199567,1766,37,"441.16","합계","Total",10963
"2021년 08월 17일 00시","2021-08-17",2173,226845,1372,197213,1322,50,"437.68","합계","Total",10944
"2021년 08월 16일 00시","2021-08-16",2167,225473,1555,196187,1492,63,"435.03","합계","Total",10925
"2021년 08월 15일 00시","2021-08-15",2156,223918,1816,195092,1748,68,"432.03","합계","Total",10906
"2021년 08월 14일 00시","2021-08-14",2148,222102,1928,193767,1858,70,"428.53","합계","Total",10887
"2021년 08월 13일 00시","2021-08-13",2144,220174,1989,192236,1913,76,"424.81","합계","Total",10868
"2021년 08월 12일 00시","2021-08-12",2138,218185,1987,190520,1947,40,"420.97","합계","Total",10849
"2021년 08월 11일 00시","2021-08-11",2135,216198,2221,189492,2144,77,"417.14","합계","Total",10830
"2021년 08월 10일 00시","2021-08-10",2134,213977,1537,187509,1474,63,"412.85","합계","Total",10811
"2021년 08월 09일 00시","2021-08-09",2125,212440,1491,186227,1455,36,"409.89","합계","Total",10792
"2021년 08월 08일 00시","2021-08-08",2121,210949,1728,184987,1669,59,"407.01","합계","Total",10773
"2021년 08월 07일 00시","2021-08-07",2116,209221,1823,183774,1762,61,"403.68","합계","Total",10754
"2021년 08월 06일 00시","2021-08-06",2113,207398,1704,182039,1640,64,"400.16","합계","Total",10735
"2021년 08월 05일 00시","2021-08-05",2109,205694,1775,180705,1716,59,"396.87","합계","Total",10716
"2021년 08월 04일 00시","2021-08-04",2106,203919,1725,179107,1664,61,"393.45","합계","Total",10697
"2021년 08월 03일 00시","2021-08-03",2104,202194,1200,177889,1150,50,"390.12","합계","Total",10678
"2021년 08월 02일 00시","2021-08-02",2099,200994,1218,176584,1150,68,"387.80","합계","Total",10659
"2021년 08월 01일 00시","2021-08-01",2098,199776,1442,175658,1386,56,"385.45","합계","Total",10640
"2021년 07월 31일 00시","2021-07-31",2095,198334,1538,174164,1465,73,"382.67","합계","Total",10621
"2021년 07월 30일 00시","2021-07-30",2089,196796,1710,172746,1662,48,"379.70","합계","Total",10602
"2021년 07월 29일 00시","2021-07-29",2085,195086,1673,171548,1631,42,"376.40","합계","Total",10583
"2021년 07월 28일 00시","2021-07-28",2083,193413,1895,170484,1822,73,"373.18","합계","Total",10564
"2021년 07월 27일 00시","2021-07-27",2079,191518,1363,168620,1274,89,"369.52","합계","Total",10545
"2021년 07월 26일 00시","2021-07-26",2077,190155,1318,167357,1264,54,"366.89","합계","Total",10526
"2021년 07월 25일 00시","2021-07-25",2073,188837,1487,166365,1422,65,"364.35","합계","Total",10507
"2021년 07월 24일 00시","2021-07-24",2068,187350,1627,165237,1572,55,"361.48","합계","Total",10488
"2021년 07월 23일 00시","2021-07-23",2066,185723,1629,164198,1573,56,"358.34","합계","Total",10469
"2021년 07월 22일 00시","2021-07-22",2063,184094,1841,163065,1532,309,"355.19","합계","Total",10450
"2021년 07월 21일 00시","2021-07-21",2060,182253,1781,161625,1725,56,"351.64","합계","Total",10431
"2021년 07월 20일 00시","2021-07-20",2059,180472,1278,160338,1242,36,"348.21","합계","Total",10412
"2021년 07월 19일 00시","2021-07-19",2058,179194,1251,159621,1207,44,"345.74","합계","Total",10393
"2021년 07월 18일 00시","2021-07-18",2057,177943,1453,158946,1402,51,"343.33","합계","Total",10374
"2021년 07월 17일 00시","2021-07-17",2055,176490,1449,157951,1400,49,"340.52","합계","Total",10355
"2021년 07월 16일 00시","2021-07-16",2051,175041,1535,157104,1475,60,"337.73","합계","Total",10336
"2021년 07월 15일 00시","2021-07-15",2050,173506,1599,156502,1554,45,"334.77","합계","Total",10317
"2021년 07월 14일 00시","2021-07-14",2048,171907,1613,155483,1566,47,"331.68","합계","Total",10298
"2021년 07월 13일 00시","2021-07-13",2046,170294,1150,154743,1097,53,"328.57","합계","Total",10279
"2021년 07월 12일 00시","2021-07-12",2044,169144,1100,154178,1063,37,"326.35","합계","Total",10260
"2021년 07월 11일 00시","2021-07-11",2043,168044,1324,153751,1280,44,"324.23","합계","Total",10241
"2021년 07월 10일 00시","2021-07-10",2038,166720,1378,153144,1320,58,"321.67","합계","Total",10222
"2021년 07월 09일 00시","2021-07-09",2036,165342,1316,152489,1236,80,"319.01","합계","Total",10203
"2021년 07월 08일 00시","2021-07-08",2034,164026,1275,151914,1227,48,"316.36","합계","Total",10184
"2021년 07월 07일 00시","2021-07-07",2033,162751,1211,151491,1166,45,"313.90","합계","Total",10165
"2021년 07월 06일 00시","2021-07-06",2032,161540,746,150750,690,56,"311.57","합계","Total",10146
"2021년 07월 05일 00시","2021-07-05",2028,160794,711,150034,644,67,"310.13","합계","Total",10127
"2021년 07월 04일 00시","2021-07-04",2026,160083,743,149604,662,81,"308.76","합계","Total",10108
"2021년 07월 03일 00시","2021-07-03",2025,159340,794,149122,748,46,"307.32","합계","Total",10089
"2021년 07월 02일 00시","2021-07-02",2024,158546,825,148309,765,60,"305.79","합계","Total",10070
"2021년 07월 01일 00시","2021-07-01",2021,157721,761,148015,711,50,"304.20","합계","Total",10051
"2021년 06월 30일 00시","2021-06-30",2018,156960,794,147683,759,35,"302.73","합계","Total",10032
"2021년 06월 29일 00시","2021-06-29",2017,156166,595,147066,560,35,"301.20","합계","Total",10013
"2021년 06월 28일 00시","2021-06-28",2015,155571,501,146663,472,29,"300.05","합계","Total",9994
"2021년 06월 27일 00시","2021-06-27",2013,155070,614,146329,570,44,"299.09","합계","Total",9975
"2021년 06월 26일 00시","2021-06-26",2012,154456,668,145978,611,57,"297.90","합계","Total",9956
"2021년 06월 25일 00시","2021-06-25",2009,153788,634,145377,602,32,"296.62","합계","Total",9937
"2021년 06월 24일 00시","2021-06-24",2008,153154,610,144775,576,34,"295.39","합계","Total",9918
"2021년 06월 23일 00시","2021-06-23",2007,152544,645,144365,605,40,"294.22","합계","Total",9899
"2021년 06월 22일 00시","2021-06-22",2006,151899,394,143803,350,44,"292.97","합계","Total",9880
"2021년 06월 21일 00시","2021-06-21",2004,151505,357,143249,317,40,"292.21","합계","Total",9861
"2021년 06월 20일 00시","2021-06-20",2002,151148,429,142879,380,49,"291.52","합계","Total",9842
"2021년 06월 19일 00시","2021-06-19",1997,150719,482,142371,456,26,"290.70","합계","Total",9823
"2021년 06월 18일 00시","2021-06-18",1996,150237,507,141801,485,22,"289.77","합계","Total",9804
"2021년 06월 17일 00시","2021-06-17",1994,149730,540,141015,523,17,"288.79","합계","Total",9785
"2021년 06월 16일 00시","2021-06-16",1993,149190,545,140424,522,23,"287.75","합계","Total",9766
"2021년 06월 15일 00시","2021-06-15",1992,148645,373,139720,347,26,"286.70","합계","Total",9747
"2021년 06월 14일 00시","2021-06-14",1988,148272,399,139009,360,39,"285.98","합계","Total",9728
"2021년 06월 13일 00시","2021-06-13",1985,147873,452,138566,419,33,"285.21","합계","Total",9709
"2021년 06월 12일 00시","2021-06-12",1982,147421,565,138024,525,40,"284.34","합계","Total",9690
"2021년 06월 11일 00시","2021-06-11",1981,146856,556,137211,541,15,"283.25","합계","Total",9671
"2021년 06월 10일 00시","2021-06-10",1979,146300,610,136699,593,17,"282.17","합계","Total",9652
"2021년 06월 09일 00시","2021-06-09",1977,145690,602,136160,581,21,"281.00","합계","Total",9633
"2021년 06월 08일 00시","2021-06-08",1975,145088,454,135398,435,19,"279.84","합계","Total",9614
"2021년 06월 07일 00시","2021-06-07",1974,144634,485,134846,454,31,"278.96","합계","Total",9595
"2021년 06월 06일 00시","2021-06-06",1973,144149,556,134248,541,15,"278.02","합계","Total",9576
"2021년 06월 05일 00시","2021-06-05",1971,143593,744,133749,725,19,"276.95","합계","Total",9557
"2021년 06월 04일 00시","2021-06-04",1969,142849,695,133272,674,21,"275.52","합계","Total",9538
"2021년 06월 03일 00시","2021-06-03",1968,142154,681,132684,672,9,"274.18","합계","Total",9519
"2021년 06월 02일 00시","2021-06-02",1965,141473,677,132055,654,23,"272.86","합계","Total",9500
"2021년 06월 01일 00시","2021-06-01",1963,140796,459,131451,449,10,"271.56","합계","Total",9481
"2021년 05월 31일 00시","2021-05-31",1959,140337,430,130811,411,19,"270.67","합계","Total",9462
"2021년 05월 30일 00시","2021-05-30",1957,139907,480,130368,464,16,"269.84","합계","Total",9443
"2021년 05월 29일 00시","2021-05-29",1951,139427,533,129725,505,28,"268.92","합계","Total",9424
"2021년 05월 28일 00시","2021-05-28",1946,138894,587,128744,571,16,"267.89","합계","Total",9405
"2021년 05월 27일 00시","2021-05-27",1943,138307,629,128163,620,9,"266.76","합계","Total",9386
"2021년 05월 26일 00시","2021-05-26",1940,137678,705,127556,684,21,"265.54","합계","Total",9367
"2021년 05월 25일 00시","2021-05-25",1938,136973,516,126978,481,35,"264.18","합계","Total",9348
"2021년 05월 24일 00시","2021-05-24",1934,136457,530,126413,505,25,"263.19","합계","Total",9329
"2021년 05월 23일 00시","2021-05-23",1931,135927,585,125826,570,15,"262.17","합계","Total",9310
"2021년 05월 22일 00시","2021-05-22",1926,135342,666,125019,633,33,"261.04","합계","Total",9291
"2021년 05월 21일 00시","2021-05-21",1922,134676,561,124145,542,19,"259.75","합계","Total",9272
"2021년 05월 20일 00시","2021-05-20",1916,134115,646,123644,619,27,"258.67","합계","Total",9253
"2021년 05월 19일 00시","2021-05-19",1912,133469,654,123219,637,17,"257.43","합계","Total",9234
"2021년 05월 18일 00시","2021-05-18",1904,132815,528,122610,506,22,"256.16","합계","Total",9215
"2021년 05월 17일 00시","2021-05-17",1903,132287,619,122146,597,22,"255.15","합계","Total",9196
"2021년 05월 16일 00시","2021-05-16",1900,131668,610,121738,572,38,"253.95","합계","Total",9177
"2021년 05월 15일 00시","2021-05-15",1896,131058,681,121265,661,20,"252.78","합계","Total",9158
"2021년 05월 14일 00시","2021-05-14",1893,130377,747,120380,729,18,"251.46","합계","Total",9139
"2021년 05월 13일 00시","2021-05-13",1891,129630,715,119888,692,23,"250.02","합계","Total",9120
"2021년 05월 12일 00시","2021-05-12",1884,128915,634,119356,612,22,"248.64","합계","Total",9101
"2021년 05월 11일 00시","2021-05-11",1879,128281,510,118702,483,27,"247.42","합계","Total",9082
"2021년 05월 10일 00시","2021-05-10",1875,127771,463,117828,436,27,"246.44","합계","Total",9063
"2021년 05월 09일 00시","2021-05-09",1874,127308,564,117407,522,42,"245.54","합계","Total",9044
"2021년 05월 08일 00시","2021-05-08",1865,126744,701,116864,672,29,"244.46","합계","Total",9025
"2021년 05월 07일 00시","2021-05-07",1860,126043,525,116004,509,16,"243.10","합계","Total",9006
"2021년 05월 06일 00시","2021-05-06",1851,125518,574,115473,562,12,"242.09","합계","Total",8987
"2021년 05월 05일 00시","2021-05-05",1847,124944,676,114927,12,26,"240.98","합계","Total",8968
"2021년 05월 04일 00시","2021-05-04",1840,124268,541,114111,514,27,"239.68","합계","Total",8949
"2021년 05월 03일 00시","2021-05-03",1834,123727,488,113341,465,23,"238.64","합계","Total",8930
"2021년 05월 02일 00시","2021-05-02",1833,123239,606,112851,585,21,"237.70","합계","Total",8911
"2021년 05월 01일 00시","2021-05-01",1831,122633,627,112324,593,34,"236.53","합계","Total",8892
"2021년 04월 30일 00시","2021-04-30",1828,122006,661,111408,642,19,"235.32","합계","Total",8873
"2021년 04월 29일 00시","2021-04-29",1825,121345,679,110774,648,31,"234.04","합계","Total",8854
"2021년 04월 28일 00시","2021-04-28",1821,120666,769,110235,748,21,"232.73","합계","Total",8835
"2021년 04월 27일 00시","2021-04-27",1820,119897,512,109682,477,35,"231.25","합계","Total",8816
"2021년 04월 26일 00시","2021-04-26",1817,119385,499,108837,469,30,"230.26","합계","Total",8797
"2021년 04월 25일 00시","2021-04-25",1813,118886,644,108461,603,41,"229.30","합계","Total",8778
"2021년 04월 24일 00시","2021-04-24",1812,118242,785,107767,759,26,"228.06","합계","Total",8759
"2021년 04월 23일 00시","2021-04-23",1811,117457,797,107057,758,39,"226.54","합계","Total",8740
"2021년 04월 22일 00시","2021-04-22",1808,116660,735,106445,715,20,"225.01","합계","Total",8721
"2021년 04월 21일 00시","2021-04-21",1806,115925,731,105863,692,39,"223.59","합계","Total",8702
"2021년 04월 20일 00시","2021-04-20",1802,115194,549,105213,529,20,"222.18","합계","Total",8683
"2021년 04월 19일 00시","2021-04-19",1801,114645,532,104462,512,20,"221.12","합계","Total",8664
"2021년 04월 18일 00시","2021-04-18",1797,114113,671,103994,648,23,"220.09","합계","Total",8645
"2021년 04월 17일 00시","2021-04-17",1794,113442,658,103581,630,28,"218.80","합계","Total",8626
"2021년 04월 16일 00시","2021-04-16",1790,112784,673,103045,652,21,"217.53","합계","Total",8607
"2021년 04월 15일 00시","2021-04-15",1788,112111,698,102497,670,28,"216.23","합계","Total",8588
"2021년 04월 14일 00시","2021-04-14",1782,111413,731,101966,714,17,"214.89","합계","Total",8569
"2021년 04월 13일 00시","2021-04-13",1775,110682,542,101314,528,14,"213.48","합계","Total",8550
"2021년 04월 12일 00시","2021-04-12",1770,110140,587,100786,560,27,"212.43","합계","Total",8531
"2021년 04월 11일 00시","2021-04-11",1768,109553,614,100098,594,20,"211.30","합계","Total",8512
"2021년 04월 10일 00시","2021-04-10",1765,108939,677,99287,662,15,"210.11","합계","Total",8493
"2021년 04월 09일 00시","2021-04-09",1764,108262,671,98774,644,27,"208.81","합계","Total",8474
"2021년 04월 08일 00시","2021-04-08",1758,107591,700,98347,674,26,"207.51","합계","Total",8455
"2021년 04월 07일 00시","2021-04-07",1756,106891,668,97916,653,15,"206.16","합계","Total",8436
"2021년 04월 06일 00시","2021-04-06",1752,106223,477,97348,459,18,"204.88","합계","Total",8417
"2021년 04월 05일 00시","2021-04-05",1748,105746,473,96886,449,24,"203.96","합계","Total",8398
"2021년 04월 04일 00시","2021-04-04",1744,105273,543,96574,514,29,"203.04","합계","Total",8379
"2021년 04월 03일 00시","2021-04-03",1740,104730,543,96181,521,22,"202.00","합계","Total",8360
"2021년 04월 02일 00시","2021-04-02",1737,104187,557,95843,532,25,"200.95","합계","Total",8341
"2021년 04월 01일 00시","2021-04-01",1735,103630,551,95422,537,14,"199.87","합계","Total",8322
"2021년 03월 31일 00시","2021-03-31",1731,103079,506,95013,491,15,"198.81","합계","Total",8303
"2021년 03월 30일 00시","2021-03-30",1729,102573,447,94546,429,18,"197.84","합계","Total",8284
"2021년 03월 29일 00시","2021-03-29",1726,102126,382,94106,369,13,"196.97","합계","Total",8265
"2021년 03월 28일 00시","2021-03-28",1722,101744,482,93839,462,20,"196.24","합계","Total",8246
"2021년 03월 27일 00시","2021-03-27",1721,101262,505,93460,490,15,"195.31","합계","Total",8227
"2021년 03월 26일 00시","2021-03-26",1716,100757,489,92608,466,23,"194.33","합계","Total",8208
"2021년 03월 25일 00시","2021-03-25",1709,100268,430,92049,419,11,"193.39","합계","Total",8189
"2021년 03월 24일 00시","2021-03-24",1707,99838,428,91541,411,17,"192.56","합계","Total",8170
"2021년 03월 23일 00시","2021-03-23",1704,99410,346,91060,331,15,"191.74","합계","Total",8151
"2021년 03월 22일 00시","2021-03-22",1697,99064,415,90593,396,19,"191.07","합계","Total",8132
"2021년 03월 21일 00시","2021-03-21",1696,98649,456,90310,437,19,"190.27","합계","Total",8113
"2021년 03월 20일 00시","2021-03-20",1693,98193,447,89931,435,12,"189.39","합계","Total",8094
"2021년 03월 19일 00시","2021-03-19",1690,97746,463,89504,441,22,"188.53","합계","Total",8075
"2021년 03월 18일 00시","2021-03-18",1688,97283,445,89160,427,18,"187.63","합계","Total",8056
"2021년 03월 17일 00시","2021-03-17",1686,96838,469,88795,452,17,"186.77","합계","Total",8037
"2021년 03월 16일 00시","2021-03-16",1678,96369,363,88236,345,18,"185.87","합계","Total",8018
"2021년 03월 15일 00시","2021-03-15",1675,96006,379,87736,367,12,"185.17","합계","Total",7999
"2021년 03월 14일 00시","2021-03-14",1669,95627,459,87389,436,23,"184.44","합계","Total",7980
"2021년 03월 13일 00시","2021-03-13",1667,95168,490,86609,474,16,"183.55","합계","Total",7961
"2021년 03월 12일 00시","2021-03-12",1662,94678,488,85728,467,21,"182.61","합계","Total",7942
"2021년 03월 11일 00시","2021-03-11",1652,94190,465,84662,444,21,"181.67","합계","Total",7923
"2021년 03월 10일 00시","2021-03-10",1648,93725,470,84299,452,18,"180.77","합계","Total",7904
"2021년 03월 09일 00시","2021-03-09",1645,93255,446,83887,427,19,"179.86","합계","Total",7885
"2021년 03월 08일 00시","2021-03-08",1642,92809,346,83460,335,11,"179.00","합계","Total",7866
"2021년 03월 07일 00시","2021-03-07",1634,92463,416,83205,398,18,"178.34","합계","Total",7847
"2021년 03월 06일 00시","2021-03-06",1632,92047,418,82899,404,14,"177.53","합계","Total",7828
"2021년 03월 05일 00시","2021-03-05",1627,91629,398,82543,381,17,"176.73","합계","Total",7809
"2021년 03월 04일 00시","2021-03-04",1619,91231,424,82146,401,23,"175.96","합계","Total",7790
"2021년 03월 03일 00시","2021-03-03",1612,90807,444,81685,426,18,"175.14","합계","Total",7771
"2021년 03월 02일 00시","2021-03-02",1606,90363,344,81322,319,25,"174.29","합계","Total",7752
"2021년 03월 01일 00시","2021-03-01",1605,90019,355,81054,338,17,"173.62","합계","Total",7733
"2021년 02월 28일 00시","2021-02-28",1603,89664,355,80681,333,22,"172.94","합계","Total",7714
"2021년 02월 27일 00시","2021-02-27",1595,89309,415,80316,405,10,"172.25","합계","Total",7695
"2021년 02월 26일 00시","2021-02-26",1585,88894,387,79863,363,24,"171.45","합계","Total",7676
"2021년 02월 25일 00시","2021-02-25",1581,88507,395,79471,368,27,"170.71","합계","Total",7657
"2021년 02월 24일 00시","2021-02-24",1576,88112,440,79033,417,23,"169.94","합계","Total",7638
"2021년 02월 23일 00시","2021-02-23",1573,87672,356,78377,329,27,"169.10","합계","Total",7619
"2021년 02월 22일 00시","2021-02-22",1562,87316,332,77870,313,19,"168.41","합계","Total",7600
"2021년 02월 21일 00시","2021-02-21",1557,86984,416,77500,391,25,"167.77","합계","Total",7581
"2021년 02월 20일 00시","2021-02-20",1553,86568,448,77069,416,32,"166.97","합계","Total",7562
"2021년 02월 19일 00시","2021-02-19",1550,86120,561,76501,533,28,"166.10","합계","Total",7543
"2021년 02월 18일 00시","2021-02-18",1544,85559,621,75885,590,31,"165.02","합계","Total",7524
"2021년 02월 17일 00시","2021-02-17",1538,84938,621,75348,590,31,"163.82","합계","Total",7505
"2021년 02월 16일 00시","2021-02-16",1534,84317,457,74539,429,28,"162.62","합계","Total",7486
"2021년 02월 15일 00시","2021-02-15",1527,83860,343,73785,322,21,"161.74","합계","Total",7467
"2021년 02월 14일 00시","2021-02-14",1522,83517,326,73550,304,22,"161.08","합계","Total",7448
"2021년 02월 13일 00시","2021-02-13",1514,83191,362,73218,345,17,"160.45","합계","Total",7429
"2021년 02월 12일 00시","2021-02-12",1507,82829,403,72926,384,19,"159.76","합계","Total",7410
"2021년 02월 11일 00시","2021-02-11",1496,82426,504,72626,467,37,"158.98","합계","Total",7391
"2021년 02월 10일 00시","2021-02-10",1486,81922,444,72209,414,30,"158.01","합계","Total",7372
"2021년 02월 09일 00시","2021-02-09",1482,81478,303,71660,273,30,"157.15","합계","Total",7353
"2021년 02월 08일 00시","2021-02-08",1474,81175,288,71203,264,24,"156.56","합계","Total",7334
"2021년 02월 07일 00시","2021-02-07",1471,80887,371,70839,325,46,"156.01","합계","Total",7315
"2021년 02월 06일 00시","2021-02-06",1464,80516,390,70489,362,28,"155.29","합계","Total",7296
"2021년 02월 05일 00시","2021-02-05",1459,80126,370,70087,350,20,"154.54","합계","Total",7277
"2021년 02월 04일 00시","2021-02-04",1448,79756,451,69686,429,22,"153.83","합계","Total",7258
"2021년 02월 03일 00시","2021-02-03",1441,79305,467,69279,433,34,"152.96","합계","Total",7239
"2021년 02월 02일 00시","2021-02-02",1435,78838,336,68755,295,41,"152.06","합계","Total",7220
"2021년 02월 01일 00시","2021-02-01",1425,78502,305,68286,285,20,"151.41","합계","Total",7201
"2021년 01월 31일 00시","2021-01-31",1420,78197,354,67836,323,31,"150.82","합계","Total",7182
"2021년 01월 30일 00시","2021-01-30",1414,77843,456,67096,421,35,"150.14","합계","Total",7163
"2021년 01월 29일 00시","2021-01-29",1399,77387,469,66479,445,24,"149.26","합계","Total",7144
"2021년 01월 28일 00시","2021-01-28",1386,76918,497,65995,479,18,"148.35","합계","Total",7125
"2021년 01월 27일 00시","2021-01-27",1378,76421,559,65455,516,43,"147.40","합계","Total",7106
"2021년 01월 26일 00시","2021-01-26",1371,75862,349,64767,333,16,"146.32","합계","Total",7087
"2021년 01월 25일 00시","2021-01-25",1360,75513,437,62929,405,32,"145.64","합계","Total",7068
"2021년 01월 24일 00시","2021-01-24",1349,75076,392,62502,369,23,"144.80","합계","Total",7049
"2021년 01월 23일 00시","2021-01-23",1337,74684,431,62015,403,28,"144.05","합계","Total",7030
"2021년 01월 22일 00시","2021-01-22",1328,74253,346,61383,314,32,"143.21","합계","Total",7011
"2021년 01월 21일 00시","2021-01-21",1316,73907,400,60815,381,19,"142.55","합계","Total",6992
"2021년 01월 20일 00시","2021-01-20",1300,73507,404,60143,373,31,"141.78","합계","Total",6973
"2021년 01월 19일 00시","2021-01-19",1283,73103,386,59433,351,35,"141.00","합계","Total",6954
"2021년 01월 18일 00시","2021-01-18",1264,72717,389,58676,366,23,"140.25","합계","Total",6935
"2021년 01월 17일 00시","2021-01-17",1249,72328,520,58204,500,20,"139.50","합계","Total",6916
"2021년 01월 16일 00시","2021-01-16",1236,71808,580,57511,547,33,"138.50","합계","Total",6897
"2021년 01월 15일 00시","2021-01-15",1217,71228,512,56492,483,5863,"137.38","합계","Total",6878
"2021년 01월 14일 00시","2021-01-14",1195,70716,524,55671,496,28,"136.39","합계","Total",6859
"2021년 01월 13일 00시","2021-01-13",1185,70192,561,54607,535,26,"135.38","합계","Total",6840
"2021년 01월 12일 00시","2021-01-12",1165,69631,537,53537,510,27,"134.30","합계","Total",6821
"2021년 01월 11일 00시","2021-01-11",1140,69094,451,52523,419,32,"133.26","합계","Total",6802
"2021년 01월 10일 00시","2021-01-10",1125,68643,657,50387,623,34,"132.39","합계","Total",6783
"2021년 01월 09일 00시","2021-01-09",1100,67986,641,49283,596,45,"131.13","합계","Total",6764
"2021년 01월 08일 00시","2021-01-08",1081,67345,674,48329,632,42,"129.89","합계","Total",6745
"2021년 01월 07일 00시","2021-01-07",1046,66671,869,47622,832,37,"128.59","합계","Total",6726
"2021년 01월 06일 00시","2021-01-06",1027,65802,838,46965,807,31,"126.91","합계","Total",6707
"2021년 01월 05일 00시","2021-01-05",1007,64964,714,46137,672,42,"125.30","합계","Total",6688
"2021년 01월 04일 00시","2021-01-04",981,64264,1020,45240,985,35,"123.95","합계","Total",6669
"2021년 01월 03일 00시","2021-01-03",962,63230,657,44477,641,16,"121.95","합계","Total",6650
"2021년 01월 02일 00시","2021-01-02",942,62573,820,43546,784,36,"120.69","합계","Total",6631
"2021년 01월 01일 00시","2021-01-01",917,61753,1027,42929,1002,25,"119.11","합계","Total",6612
"2020년 12월 31일 00시","2020-12-31",900,60726,967,42232,940,27,"117.12","합계","Total",6593
"2020년 12월 30일 00시","2020-12-30",879,59759,1050,41411,1025,25,"115.26","합계","Total",6574
"2020년 12월 29일 00시","2020-12-29",859,58709,1044,40685,1028,16,"113.23","합계","Total",6555
"2020년 12월 28일 00시","2020-12-28",819,57665,806,39249,786,20,"111.22","합계","Total",6536
"2020년 12월 27일 00시","2020-12-27",808,56859,970,39020,946,24,"109.67","합계","Total",6517
"2020년 12월 26일 00시","2020-12-26",793,55889,1131,38514,1103,28,"107.79","합계","Total",6498
"2020년 12월 25일 00시","2020-12-25",773,54758,1240,38028,1215,25,"105.61","합계","Total",6479
"2020년 12월 24일 00시","2020-12-24",756,53518,985,37400,955,30,"103.22","합계","Total",6460
"2020년 12월 23일 00시","2020-12-23",739,52533,1090,36710,1058,32,"101.32","합계","Total",6441
"2020년 12월 22일 00시","2020-12-22",722,51443,866,35912,821,45,"99.22","합계","Total",6422
"2020년 12월 21일 00시","2020-12-21",698,50577,924,35139,891,33,"97.55","합계","Total",6403
"2020년 12월 20일 00시","2020-12-20",674,49653,1096,34709,1071,25,"95.77","합계","Total",6384
"2020년 12월 19일 00시","2020-12-19",659,48557,1045,34322,1024,21,"93.65","합계","Total",6365
"2020년 12월 18일 00시","2020-12-18",645,47512,1064,33966,1038,26,"91.64","합계","Total",6346
"2020년 12월 17일 00시","2020-12-17",634,46448,1014,33595,994,20,"89.59","합계","Total",6327
"2020년 12월 16일 00시","2020-12-16",612,45434,1078,32934,1054,24,"87.63","합계","Total",6308
"2020년 12월 15일 00시","2020-12-15",600,44356,880,32548,848,32,"85.55","합계","Total",6289
"2020년 12월 14일 00시","2020-12-14",587,43476,718,32092,682,36,"83.85","합계","Total",6270
"2020년 12월 13일 00시","2020-12-13",580,42758,1030,31803,1000,30,"82.47","합계","Total",6251
"2020년 12월 12일 00시","2020-12-12",578,41728,950,31482,928,22,"80.48","합계","Total",6232
"2020년 12월 11일 00시","2020-12-11",572,40778,689,31147,673,16,"78.65","합계","Total",6213
"2020년 12월 10일 00시","2020-12-10",564,40089,680,30626,643,37,"77.32","합계","Total",6194
"2020년 12월 09일 00시","2020-12-09",556,39409,670,30167,646,24,"76.01","합계","Total",6175
"2020년 12월 08일 00시","2020-12-08",552,38739,587,29640,561,26,"74.72","합계","Total",6156
"2020년 12월 07일 00시","2020-12-07",549,38152,615,29293,580,35,"73.59","합계","Total",6137
"2020년 12월 06일 00시","2020-12-06",545,37537,631,29120,599,32,"72.40","합계","Total",6118
"2020년 12월 05일 00시","2020-12-05",540,36906,577,28907,559,18,"71.18","합계","Total",6099
"2020년 12월 04일 00시","2020-12-04",536,36329,628,28599,600,28,"70.07","합계","Total",6080
"2020년 12월 03일 00시","2020-12-03",529,35701,540,28341,516,24,"68.86","합계","Total",6061
"2020년 12월 02일 00시","2020-12-02",526,35161,511,28053,492,19,"67.82","합계","Total",6042
"2020년 12월 01일 00시","2020-12-01",526,34650,451,27875,420,31,"66.83","합계","Total",6023
"2020년 11월 30일 00시","2020-11-30",526,34199,438,27612,414,24,"65.96","합계","Total",6004
"2020년 11월 29일 00시","2020-11-29",523,33761,450,27506,413,37,"65.12","합계","Total",5985
"2020년 11월 28일 00시","2020-11-28",522,33311,503,27328,486,17,"64.25","합계","Total",5966
"2020년 11월 27일 00시","2020-11-27",516,32808,555,27097,525,30,"63.28","합계","Total",5947
"2020년 11월 26일 00시","2020-11-26",515,32253,581,26944,552,29,"62.21","합계","Total",5928
"2020년 11월 25일 00시","2020-11-25",513,31672,382,26819,363,19,"61.09","합계","Total",5909
"2020년 11월 24일 00시","2020-11-24",510,31290,349,26716,318,31,"60.35","합계","Total",5890
"2020년 11월 23일 00시","2020-11-23",509,30941,271,26532,255,16,"59.68","합계","Total",5871
"2020년 11월 22일 00시","2020-11-22",505,30670,330,26461,302,28,"59.15","합계","Total",5852
"2020년 11월 21일 00시","2020-11-21",503,30340,386,26361,361,25,"58.52","합계","Total",5833
"2020년 11월 20일 00시","2020-11-20",501,29954,348,26260,320,28,"57.77","합계","Total",5814
"2020년 11월 19일 00시","2020-11-19",498,29606,325,26094,293,32,"57.10","합계","Total",5795
"2020년 11월 18일 00시","2020-11-18",496,29281,285,25969,245,40,"56.48","합계","Total",5776
"2020년 11월 17일 00시","2020-11-17",494,28996,230,25856,202,28,"55.93","합계","Total",5757
"2020년 11월 16일 00시","2020-11-16",494,28766,222,25755,192,30,"55.48","합계","Total",5738
"2020년 11월 15일 00시","2020-11-15",493,28544,208,25688,176,32,"55.05","합계","Total",5719
"2020년 11월 14일 00시","2020-11-14",492,28336,205,25633,166,39,"54.65","합계","Total",5700
"2020년 11월 13일 00시","2020-11-13",488,28131,191,25532,162,29,"54.26","합계","Total",5681
"2020년 11월 12일 00시","2020-11-12",487,27940,143,25400,128,15,"53.89","합계","Total",5662
"2020년 11월 11일 00시","2020-11-11",487,27797,145,25261,113,32,"53.61","합계","Total",5643
"2020년 11월 10일 00시","2020-11-10",485,27652,100,25155,71,29,"53.33","합계","Total",5624
"2020년 11월 09일 00시","2020-11-09",480,27552,126,25025,99,27,"53.14","합계","Total",5605
"2020년 11월 08일 00시","2020-11-08",478,27426,143,24965,118,25,"52.90","합계","Total",5586
"2020년 11월 07일 00시","2020-11-07",477,27283,89,24908,72,17,"52.62","합계","Total",5567
"2020년 11월 06일 00시","2020-11-06",476,27194,145,24818,117,28,"52.45","합계","Total",5548
"2020년 11월 05일 00시","2020-11-05",475,27049,125,24732,108,17,"52.17","합계","Total",5529
"2020년 11월 04일 00시","2020-11-04",474,26924,117,24613,98,19,"51.93","합계","Total",5510
"2020년 11월 03일 00시","2020-11-03",472,26807,75,24505,46,29,"51.70","합계","Total",5491
"2020년 11월 02일 00시","2020-11-02",468,26732,97,24391,79,18,"51.56","합계","Total",5472
"2020년 11월 01일 00시","2020-11-01",466,26635,124,24353,101,23,"51.37","합계","Total",5453
"2020년 10월 31일 00시","2020-10-31",464,26511,127,24307,96,31,"51.13","합계","Total",5434
"2020년 10월 30일 00시","2020-10-30",463,26384,113,24223,93,20,"50.89","합계","Total",5415
"2020년 10월 29일 00시","2020-10-29",462,26271,125,24163,107,18,"50.67","합계","Total",5396
"2020년 10월 28일 00시","2020-10-28",461,26146,103,24068,96,7,"50.43","합계","Total",5377
"2020년 10월 27일 00시","2020-10-27",460,26043,88,23975,72,16,"50.23","합계","Total",5358
"2020년 10월 26일 00시","2020-10-26",457,25955,119,23895,94,25,"50.06","합계","Total",5339
"2020년 10월 25일 00시","2020-10-25",457,25836,61,23863,50,11,"49.83","합계","Total",5320
"2020년 10월 24일 00시","2020-10-24",457,25775,77,23828,66,11,"49.71","합계","Total",5301
"2020년 10월 23일 00시","2020-10-23",455,25698,155,23711,138,17,"49.56","합계","Total",5282
"2020년 10월 22일 00시","2020-10-22",453,25543,121,23641,104,17,"49.27","합계","Total",5263
"2020년 10월 21일 00시","2020-10-21",450,25422,89,23576,57,32,"49.03","합계","Total",5244
"2020년 10월 20일 00시","2020-10-20",447,25333,58,23458,41,17,"48.86","합계","Total",5225
"2020년 10월 19일 00시","2020-10-19",444,25275,76,23360,50,26,"48.75","합계","Total",5206
"2020년 10월 18일 00시","2020-10-18",444,25199,91,23305,71,20,"48.60","합계","Total",5187
"2020년 10월 17일 00시","2020-10-17",443,25108,73,23252,62,11,"48.43","합계","Total",5168
"2020년 10월 16일 00시","2020-10-16",441,25035,47,23173,41,6,"48.29","합계","Total",5149
"2020년 10월 15일 00시","2020-10-15",439,24988,110,23075,95,15,"48.20","합계","Total",5130
"2020년 10월 14일 00시","2020-10-14",438,24878,84,23023,53,31,"47.98","합계","Total",5111
"2020년 10월 13일 00시","2020-10-13",434,24794,91,22856,69,22,"47.82","합계","Total",5092
"2020년 10월 12일 00시","2020-10-12",433,24703,98,22722,69,29,"47.65","합계","Total",5073
"2020년 10월 11일 00시","2020-10-11",432,24605,58,22686,46,12,"47.46","합계","Total",5054
"2020년 10월 10일 00시","2020-10-10",430,24547,72,22617,61,11,"47.34","합계","Total",5035
"2020년 10월 09일 00시","2020-10-09",428,24475,54,22562,38,16,"47.21","합계","Total",5016
"2020년 10월 08일 00시","2020-10-08",427,24421,69,22457,60,9,"47.10","합계","Total",4997
"2020년 10월 07일 00시","2020-10-07",425,24352,114,22326,94,20,"46.97","합계","Total",4978
"2020년 10월 06일 00시","2020-10-06",422,24238,75,22073,66,9,"46.75","합계","Total",4959
"2020년 10월 05일 00시","2020-10-05",422,24163,73,21878,64,9,"46.60","합계","Total",4940
"2020년 10월 04일 00시","2020-10-04",421,24090,64,21837,47,17,"46.46","합계","Total",4921
"2020년 10월 03일 00시","2020-10-03",420,24026,75,21779,52,23,"46.34","합계","Total",4902
"2020년 10월 02일 00시","2020-10-02",416,23951,63,21725,53,10,"46.20","합계","Total",4883
"2020년 10월 01일 00시","2020-10-01",415,23888,77,21658,67,10,"46.07","합계","Total",4864
"2020년 09월 30일 00시","2020-09-30",413,23811,113,21586,94,19,"45.93","합계","Total",4845
"2020년 09월 29일 00시","2020-09-29",407,23698,38,21462,23,15,"45.71","합계","Total",4826
"2020년 09월 28일 00시","2020-09-28",406,23660,50,21284,40,10,"45.63","합계","Total",4807
"2020년 09월 27일 00시","2020-09-27",401,23610,95,21240,73,22,"45.54","합계","Total",4788
"2020년 09월 26일 00시","2020-09-26",399,23515,61,21158,49,12,"45.35","합계","Total",4769
"2020년 09월 25일 00시","2020-09-25",395,23454,114,20971,95,19,"45.24","합계","Total",4750
"2020년 09월 24일 00시","2020-09-24",393,23340,125,20824,109,16,"45.02","합계","Total",4731
"2020년 09월 23일 00시","2020-09-23",388,23215,110,20643,99,11,"44.78","합계","Total",4712
"2020년 09월 22일 00시","2020-09-22",388,23105,61,20434,50,11,"44.56","합계","Total",4693
"2020년 09월 21일 00시","2020-09-21",385,23044,70,20239,55,15,"44.45","합계","Total",4674
"2020년 09월 20일 00시","2020-09-20",383,22974,82,20150,72,10,"44.31","합계","Total",4655
"2020년 09월 19일 00시","2020-09-19",378,22892,110,19962,106,4,"44.15","합계","Total",4636
"2020년 09월 18일 00시","2020-09-18",377,22782,126,19761,109,17,"43.94","합계","Total",4617
"2020년 09월 17일 00시","2020-09-17",372,22656,153,19533,145,8,"43.70","합계","Total",4598
"2020년 09월 16일 00시","2020-09-16",367,22503,113,19298,105,8,"43.40","합계","Total",4579
"2020년 09월 15일 00시","2020-09-15",367,22390,106,18870,90,16,"43.18","합계","Total",4560
"2020년 09월 14일 00시","2020-09-14",363,22284,109,18482,98,11,"42.98","합계","Total",4541
"2020년 09월 13일 00시","2020-09-13",358,22175,121,18221,99,22,"42.77","합계","Total",4522
"2020년 09월 12일 00시","2020-09-12",355,22054,136,18022,118,18,"42.54","합계","Total",4503
"2020년 09월 11일 00시","2020-09-11",350,21918,176,17609,161,15,"42.27","합계","Total",4484
"2020년 09월 10일 00시","2020-09-10",346,21742,155,17353,140,15,"41.93","합계","Total",4465
"2020년 09월 09일 00시","2020-09-09",344,21587,156,17016,144,12,"41.64","합계","Total",4446
"2020년 09월 08일 00시","2020-09-08",341,21431,136,16631,120,16,"41.33","합계","Total",4427
"2020년 09월 07일 00시","2020-09-07",336,21295,119,16288,107,12,"41.07","합계","Total",4408
"2020년 09월 06일 00시","2020-09-06",334,21176,167,16118,152,15,"40.84","합계","Total",4389
"2020년 09월 05일 00시","2020-09-05",333,21009,168,15983,158,10,"40.52","합계","Total",4370
"2020년 09월 04일 00시","2020-09-04",331,20841,198,15764,188,10,"40.20","합계","Total",4351
"2020년 09월 03일 00시","2020-09-03",329,20643,195,15522,188,7,"39.81","합계","Total",4332
"2020년 09월 02일 00시","2020-09-02",326,20448,267,15351,253,14,"39.44","합계","Total",4313
"2020년 09월 01일 00시","2020-09-01",324,20181,235,15192,221,14,"38.92","합계","Total",4294
"2020년 08월 31일 00시","2020-08-31",324,19946,248,14966,238,10,"38.47","합계","Total",4275
"2020년 08월 30일 00시","2020-08-30",323,19698,299,14898,283,16,"37.99","합계","Total",4256
"2020년 08월 29일 00시","2020-08-29",321,19399,323,14760,308,15,"37.42","합계","Total",4237
"2020년 08월 28일 00시","2020-08-28",316,19076,371,14547,359,12,"36.79","합계","Total",4218
"2020년 08월 27일 00시","2020-08-27",313,18705,441,14457,434,7,"36.08","합계","Total",4199
"2020년 08월 26일 00시","2020-08-26",312,18264,320,14364,307,13,"35.23","합계","Total",4180
"2020년 08월 25일 00시","2020-08-25",310,17944,280,14283,264,16,"34.61","합계","Total",4161
"2020년 08월 24일 00시","2020-08-24",309,17664,266,14216,258,8,"34.07","합계","Total",4142
"2020년 08월 23일 00시","2020-08-23",309,17398,396,14197,386,10,"33.56","합계","Total",4123
"2020년 08월 22일 00시","2020-08-22",309,17002,332,14166,315,17,"32.79","합계","Total",4104
"2020년 08월 21일 00시","2020-08-21",309,16670,324,14118,315,9,"32.15","합계","Total",4085
"2020년 08월 20일 00시","2020-08-20",307,16346,288,14061,276,12,"31.53","합계","Total",4066
"2020년 08월 19일 00시","2020-08-19",306,16058,297,14004,283,14,"30.97","합계","Total",4047
"2020년 08월 18일 00시","2020-08-18",306,15761,246,13932,235,11,"30.40","합계","Total",4028
"2020년 08월 17일 00시","2020-08-17",305,15515,197,13915,188,9,"29.92","합계","Total",4009
"2020년 08월 16일 00시","2020-08-16",305,15318,279,13908,267,12,"29.54","합계","Total",3990
"2020년 08월 15일 00시","2020-08-15",305,15039,166,13899,154,12,"29.01","합계","Total",3971
"2020년 08월 14일 00시","2020-08-14",305,14873,103,13861,85,18,"28.69","합계","Total",3952
"2020년 08월 13일 00시","2020-08-13",305,14770,56,13814,47,9,"28.49","합계","Total",3933
"2020년 08월 12일 00시","2020-08-12",305,14714,54,13783,35,19,"28.38","합계","Total",3914
"2020년 08월 11일 00시","2020-08-11",305,14660,34,13725,23,11,"28.28","합계","Total",3895
"2020년 08월 10일 00시","2020-08-10",305,14626,28,13654,17,11,"28.21","합계","Total",3876
"2020년 08월 09일 00시","2020-08-09",305,14598,36,13638,30,6,"28.16","합계","Total",3857
"2020년 08월 08일 00시","2020-08-08",304,14562,43,13625,30,13,"28.09","합계","Total",3838
"2020년 08월 07일 00시","2020-08-07",303,14519,20,13540,9,11,"28.00","합계","Total",3819
"2020년 08월 06일 00시","2020-08-06",302,14499,43,13496,23,20,"27.96","합계","Total",3800
"2020년 08월 05일 00시","2020-08-05",302,14456,33,13402,13,20,"27.88","합계","Total",3781
"2020년 08월 04일 00시","2020-08-04",301,14423,34,13346,13,21,"27.82","합계","Total",3762
"2020년 08월 03일 00시","2020-08-03",301,14389,23,13275,3,20,"27.75","합계","Total",3743
"2020년 08월 02일 00시","2020-08-02",301,14366,30,13254,8,22,"27.71","합계","Total",3724
"2020년 08월 01일 00시","2020-08-01",301,14336,31,13228,8,23,"27.65","합계","Total",3705
"2020년 07월 31일 00시","2020-07-31",301,14305,36,13179,14,22,"27.59","합계","Total",3686
"2020년 07월 30일 00시","2020-07-30",300,14269,18,13128,7,11,"27.52","합계","Total",3667
"2020년 07월 29일 00시","2020-07-29",300,14251,48,13066,14,34,"27.49","합계","Total",3648
"2020년 07월 28일 00시","2020-07-28",300,14203,28,13002,5,23,"27.39","합계","Total",3629
"2020년 07월 27일 00시","2020-07-27",299,14175,25,12899,9,16,"27.34","합계","Total",3610
"2020년 07월 26일 00시","2020-07-26",298,14150,58,12884,12,46,"27.29","합계","Total",3591
"2020년 07월 25일 00시","2020-07-25",298,14092,113,12860,27,86,"27.18","합계","Total",3572
"2020년 07월 24일 00시","2020-07-24",298,13979,41,12811,28,13,"26.96","합계","Total",3553
"2020년 07월 23일 00시","2020-07-23",297,13938,59,12752,39,20,"26.88","합계","Total",3534
"2020년 07월 22일 00시","2020-07-22",297,13879,63,12692,29,34,"26.77","합계","Total",3515
"2020년 07월 21일 00시","2020-07-21",296,13816,45,12638,20,25,"26.65","합계","Total",3496
"2020년 07월 20일 00시","2020-07-20",296,13771,26,12567,4,22,"26.56","합계","Total",3477
"2020년 07월 19일 00시","2020-07-19",295,13745,34,12549,21,13,"26.51","합계","Total",3458
"2020년 07월 18일 00시","2020-07-18",294,13711,39,12513,11,28,"26.44","합계","Total",3439
"2020년 07월 17일 00시","2020-07-17",293,13672,60,12455,21,39,"26.37","합계","Total",3420
"2020년 07월 16일 00시","2020-07-16",291,13612,61,12393,14,47,"26.25","합계","Total",3401
"2020년 07월 15일 00시","2020-07-15",289,13551,39,12344,11,28,"26.14","합계","Total",3382
"2020년 07월 14일 00시","2020-07-14",289,13512,33,12275,14,19,"26.06","합계","Total",3363
"2020년 07월 13일 00시","2020-07-13",289,13479,62,12198,19,43,"26.00","합계","Total",3344
"2020년 07월 12일 00시","2020-07-12",289,13417,44,12173,21,23,"25.88","합계","Total",3325
"2020년 07월 11일 00시","2020-07-11",288,13373,35,12139,20,15,"25.79","합계","Total",3306
"2020년 07월 10일 00시","2020-07-10",288,13338,45,12061,23,22,"25.73","합계","Total",3287
"2020년 07월 09일 00시","2020-07-09",287,13293,50,12016,28,22,"25.64","합계","Total",3268
"2020년 07월 08일 00시","2020-07-08",285,13243,62,11967,30,32,"25.54","합계","Total",3249
"2020년 07월 07일 00시","2020-07-07",285,13181,44,11911,20,24,"25.42","합계","Total",3230
"2020년 07월 06일 00시","2020-07-06",284,13137,48,11845,24,24,"25.34","합계","Total",3211
"2020년 07월 05일 00시","2020-07-05",283,13089,61,11828,43,18,"25.25","합계","Total",3192
"2020년 07월 04일 00시","2020-07-04",283,13028,63,11808,36,27,"25.13","합계","Total",3173
"2020년 07월 03일 00시","2020-07-03",282,12965,61,11755,49,12,"25.01","합계","Total",3154
"2020년 07월 02일 00시","2020-07-02",282,12904,54,11681,44,10,"24.89","합계","Total",3135
"2020년 07월 01일 00시","2020-07-01",282,12850,51,11611,36,15,"24.78","합계","Total",3116
"2020년 06월 30일 00시","2020-06-30",282,12799,42,11533,22,20,"24.69","합계","Total",3097
"2020년 06월 29일 00시","2020-06-29",282,12757,42,11425,30,12,"24.60","합계","Total",3078
"2020년 06월 28일 00시","2020-06-28",282,12715,62,11360,40,22,"24.52","합계","Total",3059
"2020년 06월 27일 00시","2020-06-27",282,12653,51,11314,31,20,"24.40","합계","Total",3040
"2020년 06월 26일 00시","2020-06-26",282,12602,39,11171,26,13,"24.31","합계","Total",3021
"2020년 06월 25일 00시","2020-06-25",282,12563,28,10973,23,5,"24.23","합계","Total",3002
"2020년 06월 24일 00시","2020-06-24",281,12535,51,10929,30,21,"24.18","합계","Total",2983
"2020년 06월 23일 00시","2020-06-23",281,12484,46,10907,16,30,"24.08","합계","Total",2964
"2020년 06월 22일 00시","2020-06-22",280,12438,17,10880,11,6,"23.99","합계","Total",2945
"2020년 06월 21일 00시","2020-06-21",280,12421,48,10867,40,8,"23.96","합계","Total",2926
"2020년 06월 20일 00시","2020-06-20",280,12373,67,10860,36,31,"23.86","합계","Total",2907
"2020년 06월 19일 00시","2020-06-19",280,12306,49,10835,32,17,"23.73","합계","Total",2888
"2020년 06월 18일 00시","2020-06-18",280,12257,59,10800,51,8,"23.64","합계","Total",2869
"2020년 06월 17일 00시","2020-06-17",279,12198,43,10774,31,12,"23.53","합계","Total",2850
"2020년 06월 16일 00시","2020-06-16",278,12155,34,10760,21,13,"23.44","합계","Total",2831
"2020년 06월 15일 00시","2020-06-15",277,12121,37,10730,24,13,"23.38","합계","Total",2812
"2020년 06월 14일 00시","2020-06-14",277,12084,34,10718,31,3,"23.31","합계","Total",2793
"2020년 06월 13일 00시","2020-06-13",277,12050,48,10691,43,5,"23.24","합계","Total",2774
"2020년 06월 12일 00시","2020-06-12",277,12002,56,10668,43,13,"23.15","합계","Total",2755
"2020년 06월 11일 00시","2020-06-11",276,11946,45,10653,40,5,"23.04","합계","Total",2736
"2020년 06월 10일 00시","2020-06-10",276,11901,50,10611,43,7,"22.95","합계","Total",2717
"2020년 06월 09일 00시","2020-06-09",274,11851,38,10590,35,3,"22.86","합계","Total",2698
"2020년 06월 08일 00시","2020-06-08",273,11813,37,10563,32,5,"22.78","합계","Total",2679
"2020년 06월 07일 00시","2020-06-07",273,11776,57,10552,53,4,"22.71","합계","Total",2660
"2020년 06월 06일 00시","2020-06-06",273,11719,51,10531,43,8,"22.60","합계","Total",2641
"2020년 06월 05일 00시","2020-06-05",273,11668,39,10505,34,5,"22.50","합계","Total",2622
"2020년 06월 04일 00시","2020-06-04",273,11629,39,10498,33,6,"22.43","합계","Total",2603
"2020년 06월 03일 00시","2020-06-03",273,11590,49,10466,46,3,"22.35","합계","Total",2584
"2020년 06월 02일 00시","2020-06-02",272,11541,38,10445,36,2,"22.26","합계","Total",2565
"2020년 06월 01일 00시","2020-06-01",271,11503,35,10421,30,5,"22.19","합계","Total",2546
"2020년 05월 31일 00시","2020-05-31",270,11468,27,10404,15,12,"22.12","합계","Total",2527
"2020년 05월 30일 00시","2020-05-30",269,11441,39,10397,27,12,"22.07","합계","Total",2508
"2020년 05월 29일 00시","2020-05-29",269,11402,58,10362,55,3,"21.99","합계","Total",2489
"2020년 05월 28일 00시","2020-05-28",269,11344,79,10339,68,11,"21.88","합계","Total",2470
"2020년 05월 27일 00시","2020-05-27",269,11265,40,10294,37,3,"21.73","합계","Total",2451
"2020년 05월 26일 00시","2020-05-26",269,11225,19,10273,16,3,"21.65","합계","Total",2432
"2020년 05월 25일 00시","2020-05-25",267,11206,16,10224,13,3,"21.61","합계","Total",2413
"2020년 05월 24일 00시","2020-05-24",266,11190,25,10211,17,8,"21.58","합계","Total",2394
"2020년 05월 23일 00시","2020-05-23",266,11165,23,10192,19,4,"21.53","합계","Total",2375
"2020년 05월 22일 00시","2020-05-22",264,11142,20,10159,11,9,"21.49","합계","Total",2356
"2020년 05월 21일 00시","2020-05-21",264,11122,12,10132,10,2,"21.45","합계","Total",2337
"2020년 05월 20일 00시","2020-05-20",263,11110,32,10061,24,8,"21.43","합계","Total",2318
"2020년 05월 19일 00시","2020-05-19",263,11078,13,9930,9,4,"21.37","합계","Total",2299
"2020년 05월 18일 00시","2020-05-18",263,11065,15,9883,5,10,"21.34","합계","Total",2280
"2020년 05월 17일 00시","2020-05-17",262,11050,13,9860,6,7,"21.31","합계","Total",2261
"2020년 05월 16일 00시","2020-05-16",262,11037,19,9811,9,10,"21.29","합계","Total",2242
"2020년 05월 15일 00시","2020-05-15",260,11018,27,9774,22,5,"21.25","합계","Total",2223
"2020년 05월 14일 00시","2020-05-14",260,10991,29,9709,26,3,"21.20","합계","Total",2204
"2020년 05월 13일 00시","2020-05-13",259,10962,26,9629,22,4,"21.14","합계","Total",2185
"2020년 05월 12일 00시","2020-05-12",258,10936,27,9567,22,5,"21.09","합계","Total",2166
"2020년 05월 11일 00시","2020-05-11",256,10909,35,9527,29,6,"21.04","합계","Total",2147
"2020년 05월 10일 00시","2020-05-10",256,10874,34,9493,26,8,"20.97","합계","Total",2128
"2020년 05월 09일 00시","2020-05-09",256,10840,18,9444,17,1,"20.91","합계","Total",2109
"2020년 05월 08일 00시","2020-05-08",256,10822,12,9356,1,11,"20.87","합계","Total",2090
"2020년 05월 07일 00시","2020-05-07",256,10810,4,9286,1,3,"20.85","합계","Total",2071
"2020년 05월 06일 00시","2020-05-06",255,10806,2,9195,0,2,"20.84","합계","Total",2052
"2020년 05월 05일 00시","2020-05-05",254,10804,3,9144,0,3,"20.84","합계","Total",2033
"2020년 05월 04일 00시","2020-05-04",252,10801,8,9073,0,8,"20.83","합계","Total",2014
"2020년 05월 03일 00시","2020-05-03",250,10793,13,9032,3,10,"20.82","합계","Total",1995
"2020년 05월 02일 00시","2020-05-02",250,10780,6,8968,0,6,"20.79","합계","Total",1976
"2020년 05월 01일 00시","2020-05-01",248,10774,9,8910,1,8,"20.78","합계","Total",1957
"2020년 04월 30일 00시","2020-04-30",247,10765,4,8876,0,4,"20.76","합계","Total",1938
"2020년 04월 29일 00시","2020-04-29",246,10761,9,8736,4,5,"20.76","합계","Total",1919
"2020년 04월 28일 00시","2020-04-28",244,10752,14,8673,2,12,"20.74","합계","Total",1900
"2020년 04월 27일 00시","2020-04-27",243,10738,10,8573,3,7,"20.71","합계","Total",1881
"2020년 04월 26일 00시","2020-04-26",242,10728,10,8525,1,9,"20.69","합계","Total",1862
"2020년 04월 25일 00시","2020-04-25",240,10718,10,8436,5,5,"20.67","합계","Total",1843
"2020년 04월 24일 00시","2020-04-24",240,10708,6,8284,4,2,"20.65","합계","Total",1824
"2020년 04월 23일 00시","2020-04-23",240,10702,8,8192,4,4,"20.64","합계","Total",1805
"2020년 04월 22일 00시","2020-04-22",238,10694,11,8047,5,6,"20.63","합계","Total",1786
"2020년 04월 21일 00시","2020-04-21",237,10683,9,7976,4,5,"20.60","합계","Total",1767
"2020년 04월 20일 00시","2020-04-20",236,10674,13,7873,6,7,"20.59","합계","Total",1748
"2020년 04월 19일 00시","2020-04-19",234,10661,8,7807,2,6,"20.56","합계","Total",1729
"2020년 04월 18일 00시","2020-04-18",232,10653,18,7706,9,9,"20.55","합계","Total",1710
"2020년 04월 17일 00시","2020-04-17",230,10635,22,7598,7,15,"20.51","합계","Total",1691
"2020년 04월 16일 00시","2020-04-16",229,10613,22,7516,11,11,"20.47","합계","Total",1672
"2020년 04월 15일 00시","2020-04-15",225,10591,27,7377,13,14,"20.43","합계","Total",1653
"2020년 04월 14일 00시","2020-04-14",222,10564,27,7291,11,16,"20.38","합계","Total",1634
"2020년 04월 13일 00시","2020-04-13",217,10537,25,7198,10,15,"20.32","합계","Total",1615
"2020년 04월 12일 00시","2020-04-12",214,10512,32,7122,9,23,"20.27","합계","Total",1596
"2020년 04월 11일 00시","2020-04-11",211,10480,30,6994,16,14,"20.21","합계","Total",1577
"2020년 04월 10일 00시","2020-04-10",208,10450,27,6871,17,10,"20.16","합계","Total",1558
"2020년 04월 09일 00시","2020-04-09",204,10423,39,6715,13,26,"20.10","합계","Total",1539
"2020년 04월 08일 00시","2020-04-08",200,10384,53,6530,23,30,"20.03","합계","Total",1520
"2020년 04월 07일 00시","2020-04-07",192,10331,47,6451,23,24,"19.93","합계","Total",1501
"2020년 04월 06일 00시","2020-04-06",186,10284,47,6359,25,22,"19.84","합계","Total",1482
"2020년 04월 05일 00시","2020-04-05",183,10237,81,6227,31,50,"19.74","합계","Total",1463
"2020년 04월 04일 00시","2020-04-04",177,10156,94,6084,53,41,"19.59","합계","Total",1444
"2020년 04월 03일 00시","2020-04-03",174,10062,86,5789,37,49,"19.41","합계","Total",1425
"2020년 04월 02일 00시","2020-04-02",169,9976,89,5609,43,46,"19.24","합계","Total",1406
"2020년 04월 01일 00시","2020-04-01",165,9887,101,5361,56,45,"19.07","합계","Total",1387
"2020년 03월 31일 00시","2020-03-31",162,9786,125,5206,88,37,"18.87","합계","Total",1368
"2020년 03월 30일 00시","2020-03-30",158,9661,78,5043,35,43,"18.63","합계","Total",1349
"2020년 03월 29일 00시","2020-03-29",152,9583,105,4857,38,67,"18.48","합계","Total",1330
"2020년 03월 28일 00시","2020-03-28",144,9478,146,4641,90,56,"18.28","합계","Total",1311
"2020년 03월 27일 00시","2020-03-27",139,9332,91,4367,57,34,"18.00","합계","Total",1292
"2020년 03월 26일 00시","2020-03-26",131,9241,104,4001,56,48,"17.82","합계","Total",1273
"2020년 03월 25일 00시","2020-03-25",126,9137,100,3606,42,58,"17.62","합계","Total",1254
"2020년 03월 24일 00시","2020-03-24",120,9037,76,3396,46,30,"17.43","합계","Total",1235
"2020년 03월 23일 00시","2020-03-23",111,8961,64,3065,46,18,"17.28","합계","Total",1216
"2020년 03월 22일 00시","2020-03-22",104,8897,98,2817,77,21,"17.16","합계","Total",1197
"2020년 03월 21일 00시","2020-03-21",102,8799,147,2536,126,21,"16.97","합계","Total",1178
"2020년 03월 20일 00시","2020-03-20",94,8652,87,2173,73,14,"16.69","합계","Total",1159
"2020년 03월 19일 00시","2020-03-19",91,8565,152,1896,135,17,"16.52","합계","Total",1140
"2020년 03월 18일 00시","2020-03-18",84,8413,93,1498,80,13,"16.23","합계","Total",1121
"2020년 03월 17일 00시","2020-03-17",81,8320,84,1362,79,5,"16.05","합계","Total",1102
"2020년 03월 16일 00시","2020-03-16",75,8236,74,1106,70,4,"15.89","합계","Total",1083
"2020년 03월 15일 00시","2020-03-15",75,8162,76,807,72,4,"15.74","합계","Total",1064
"2020년 03월 14일 00시","2020-03-14",72,8086,107,690,102,5,"15.60","합계","Total",1045
"2020년 03월 13일 00시","2020-03-13",67,7979,110,490,107,3,"15.39","합계","Total",1026
"2020년 03월 12일 00시","2020-03-12",66,7869,114,318,112,2,"15.18","합계","Total",1007
"2020년 03월 11일 00시","2020-03-11",60,7755,242,272,239,3,"14.96","합계","Total",988
"2020년 03월 10일 00시","2020-03-10",54,7513,131,232,131,0,"14.49","합계","Total",969
"2020년 03월 09일 00시","2020-03-09",51,7382,248,159,247,1,"14.24","합계","Total",950
"2020년 03월 08일 00시","2020-03-08",50,7134,367,126,366,1,"13.76","합계","Total",931
"2020년 03월 07일 00시","2020-03-07",44,6767,483,115,483,0,"13.05","합계","Total",912
"2020년 03월 06일 00시","2020-03-06",42,6284,518,106,518,0,"12.12","합계","Total",893
"2020년 03월 05일 00시","2020-03-05",35,5766,438,86,437,1,"11.12","합계","Total",874
"2020년 03월 04일 00시","2020-03-04",32,5328,516,40,516,0,"10.28","합계","Total",855
"2020년 03월 03일 00시","2020-03-03",28,4812,600,34,599,1,"9.28","합계","Total",836
"2020년 03월 02일 00시","2020-03-02",23,4212,686,30,684,2,"8.12","합계","Total",817
"2020년 03월 01일 00시","2020-03-01",17,3526,595,28,593,2,"0.00","합계","Total",798
"2020년 02월 29일 00시","2020-02-29",16,2931,909,26,909,0,"0.00","합계","Total",779
"2020년 02월 28일 00시","2020-02-28",13,2022,427,25,427,0,"0.00","합계","Total",760
"2020년 02월 27일 00시","2020-02-27",12,1595,449,23,447,2,"0.00","합계","Total",741
"2020년 02월 26일 00시","2020-02-26",11,1146,253,21,252,1,"0.00","합계","Total",722
"2020년 02월 25일 00시","2020-02-25",8,893,130,21,129,1,"0.00","합계","Total",703
"2020년 02월 24일 00시","2020-02-24",7,763,207,17,206,1,"0.00","합계","Total",684
"2020년 02월 23일 00시","2020-02-23",3,556,210,17,209,1,"0.00","합계","Total",665
"2020년 02월 22일 00시","2020-02-22",3,346,190,17,190,0,"0.00","합계","Total",646
"2020년 02월 21일 00시","2020-02-21",1,156,74,16,74,0,"0.00","합계","Total",627
"2020년 02월 20일 00시","2020-02-20",1,82,16,16,16,0,"0.00","합계","Total",608
"2020년 02월 19일 00시","2020-02-19",0,66,34,12,34,0,"0.00","합계","Total",589
"2020년 02월 18일 00시","2020-02-18",0,32,2,10,2,0,"0.00","합계","Total",570
"2020년 02월 17일 00시","2020-02-17",0,30,0,9,0,0,"0.00","합계","Total",551
"2020년 02월 16일 00시","2020-02-16",0,30,2,9,2,0,"0.00","합계","Total",532
"2020년 02월 15일 00시","2020-02-15",0,28,0,7,0,0,"0.00","합계","Total",513
"2020년 02월 14일 00시","2020-02-14",0,28,0,7,0,0,"0.00","합계","Total",494
"2020년 02월 13일 00시","2020-02-13",0,28,0,7,0,0,"0.00","합계","Total",475
"2020년 02월 12일 00시","2020-02-12",0,28,0,4,0,0,"0.00","합계","Total",456
"2020년 02월 11일 00시","2020-02-11",0,28,0,4,0,0,"0.00","합계","Total",437
"2020년 02월 10일 00시","2020-02-10",0,28,1,3,1,0,"0.00","합계","Total",418
"2020년 02월 09일 00시","2020-02-09",0,27,3,2,1,2,"0.00","합계","Total",399
"2020년 02월 08일 00시","2020-02-08",0,24,0,2,0,0,"0.00","합계","Total",380
"2020년 02월 07일 00시","2020-02-07",0,24,0,2,0,0,"0.00","합계","Total",361
"2020년 02월 06일 00시","2020-02-06",0,24,3,0,1,2,"0.00","합계","Total",342
"2020년 02월 05일 00시","2020-02-05",0,21,5,0,3,2,"0.00","합계","Total",323
"2020년 02월 04일 00시","2020-02-04",0,16,1,0,0,1,"0.00","합계","Total",304
"2020년 02월 03일 00시","2020-02-03",0,15,0,0,0,0,"0.00","합계","Total",285
"2020년 02월 02일 00시","2020-02-02",0,15,3,0,1,2,"0.00","합계","Total",266
"2020년 02월 01일 00시","2020-02-01",0,12,1,0,0,1,"0.00","합계","Total",247
"2020년 01월 31일 00시","2020-01-31",0,11,4,0,3,1,"0.00","합계","Total",228
"2020년 01월 30일 00시","2020-01-30",0,7,3,0,1,2,"0.00","합계","Total",209
"2020년 01월 29일 00시","2020-01-29",0,4,0,0,0,0,"0.00","합계","Total",190
"2020년 01월 28일 00시","2020-01-28",0,4,0,0,0,0,"0.00","합계","Total",171
"2020년 01월 27일 00시","2020-01-27",0,4,1,0,0,1,"0.00","합계","Total",152
"2020년 01월 26일 00시","2020-01-26",0,3,1,0,0,1,"0.00","합계","Total",133
"2020년 01월 25일 00시","2020-01-25",0,2,0,0,0,0,"0.00","합계","Total",114
"2020년 01월 24일 00시","2020-01-24",0,2,1,0,0,1,"0.00","합계","Total",95
"2020년 01월 23일 00시","2020-01-23",0,1,0,0,0,0,"0.00","합계","Total",76
"2020년 01월 22일 00시","2020-01-22",0,1,0,0,0,0,"0.00","합계","Total",57
"2020년 01월 21일 00시","2020-01-21",0,1,0,0,0,0,"0.00","합계","Total",38
"2020년 01월 20일 00시","2020-01-20",0,1,0,0,0,1,"0.00","합계","Total",19
